num,accid,expied,name,state
1,12263828,2024.01.01 07:00:00,admin,888
2,888491999,2024.01.02 07:00:00,admin,888
3,12306740,2024.01.03 07:00:00,admin,888
4,85086008,2024.01.04 07:00:00,admin,888
5,2313616,2023.06.17 07:00:00,admin,1
6,85087442,2024.01.07 07:00:00,admin,888
7,85087443,2024.01.08 07:00:00,admin,888
8,12329948,2023.06.11 07:00:00,Tester1,1
9,85095221,2023.06.11 07:00:00,Tester2,1
10,102010818,2023.06.11 07:00:00,Tester3,1
11,12369695,2024.04.28 07:00:00,admin,888
12,12398744,2023.06.05 07:00:00,Tester4,1
13,21529514,2023.06.09 07:00:00,Tester5,1
14,1900074290,2024.05.29 07:00:00,User1,1
15,1900075288,2024.05.31 07:00:00,User2,1
16,21557971,2023.07.11 07:00:00,Tester6,1
17,1900086659,2024.06.21 07:00:00,User3,1
18,15106133,2024.06.22 07:00:00,PruGMI,1
19,21591269,2023.08.06 07:00:00,Tester7,1
20,21592648,2023.08.06 07:00:00,Tester8,1
21,220096514,2024.07.06 07:00:00,User4,1
22,1900094350,2024.07.07 07:00:00,User5,1
23,21560805,2023.08.07 07:00:00,Tester9,1
24,12383679,2023.08.07 07:00:00,Tester10,1
25,21595251,2023.08.07 07:00:00,Tester11,1
26,21595266,2023.08.07 07:00:00,Tester12,1
27,21595396,2023.08.07 07:00:00,Tester13,1
28,21595266,2023.08.07 07:00:00,Tester14,1